algo_strategy,average_price,client_order_id,event_type,filled_quantity,hour,order_id,order_level,order_type,parent_order_id,quantity,record_id,remaining_quantity,side,snapshot_time,state,ticker,urgency
,0.0,C20241216_MEGA,NEW,0,,CLIENT_001,0,CLIENT,,5000000,REC_00000000,5000000,Buy,2025-08-12T09:00:00,PENDING,ASML.AS,
VWAP,0.0,C20241216_MEGA,NEW,0,,ALGO_001,1,ALGO_PARENT,CLIENT_001,5000000,REC_00000001,5000000,Buy,2025-08-12T09:00:01,WORKING,ASML.AS,
,650.0399497304537,C20241216_MEGA,SLICE_SUMMARY,1750,,SLICE_00001,2,ALGO_SLICE,ALGO_001,2627,REC_00000002,877,Buy,2025-08-12T09:00:50,PARTIAL,ASML.AS,CRITICAL
,650.0362478158419,C20241216_MEGA,SLICE_SUMMARY,2565,,SLICE_00002,2,ALGO_SLICE,ALGO_001,2566,REC_00000003,1,Buy,2025-08-12T09:01:55,PARTIAL,ASML.AS,CRITICAL
,650.0349885479621,C20241216_MEGA,SLICE_SUMMARY,2025,,SLICE_00003,2,ALGO_SLICE,ALGO_001,2027,REC_00000004,2,Buy,2025-08-12T09:03:46,PARTIAL,ASML.AS,CRITICAL
,650.0385876775075,C20241216_MEGA,SLICE_SUMMARY,1782,,SLICE_00004,2,ALGO_SLICE,ALGO_001,2140,REC_00000005,358,Buy,2025-08-12T09:04:30,PARTIAL,ASML.AS,CRITICAL
,650.0433844798864,C20241216_MEGA,SLICE_SUMMARY,2340,,SLICE_00005,2,ALGO_SLICE,ALGO_001,3512,REC_00000006,1172,Buy,2025-08-12T09:05:57,PARTIAL,ASML.AS,CRITICAL
,650.027923382032,C20241216_MEGA,SLICE_SUMMARY,2373,,SLICE_00006,2,ALGO_SLICE,ALGO_001,2373,REC_00000007,0,Buy,2025-08-12T09:06:41,FILLED,ASML.AS,CRITICAL
,650.0422417904548,C20241216_MEGA,SLICE_SUMMARY,2585,,SLICE_00007,2,ALGO_SLICE,ALGO_001,3102,REC_00000008,517,Buy,2025-08-12T09:08:30,PARTIAL,ASML.AS,CRITICAL
,650.0274340363937,C20241216_MEGA,SLICE_SUMMARY,2151,,SLICE_00008,2,ALGO_SLICE,ALGO_001,2153,REC_00000009,2,Buy,2025-08-12T09:09:19,PARTIAL,ASML.AS,CRITICAL
,650.0269958852166,C20241216_MEGA,SLICE_SUMMARY,3834,,SLICE_00009,2,ALGO_SLICE,ALGO_001,3835,REC_00000010,1,Buy,2025-08-12T09:10:40,PARTIAL,ASML.AS,CRITICAL
,650.032660768677,C20241216_MEGA,SLICE_SUMMARY,675,,SLICE_00010,2,ALGO_SLICE,ALGO_001,2027,REC_00000011,1352,Buy,2025-08-12T09:12:04,PARTIAL,ASML.AS,CRITICAL
,650.0280052300119,C20241216_MEGA,SLICE_SUMMARY,2952,,SLICE_00011,2,ALGO_SLICE,ALGO_001,2952,REC_00000012,0,Buy,2025-08-12T09:13:51,FILLED,ASML.AS,CRITICAL
,650.0303000062623,C20241216_MEGA,SLICE_SUMMARY,2469,,SLICE_00012,2,ALGO_SLICE,ALGO_001,2469,REC_00000013,0,Buy,2025-08-12T09:14:52,FILLED,ASML.AS,CRITICAL
,650.0370673142585,C20241216_MEGA,SLICE_SUMMARY,2538,,SLICE_00013,2,ALGO_SLICE,ALGO_001,2538,REC_00000014,0,Buy,2025-08-12T09:16:00,FILLED,ASML.AS,CRITICAL
,650.0429135228077,C20241216_MEGA,SLICE_SUMMARY,3927,,SLICE_00014,2,ALGO_SLICE,ALGO_001,3928,REC_00000015,1,Buy,2025-08-12T09:17:03,PARTIAL,ASML.AS,CRITICAL
,650.036009045128,C20241216_MEGA,SLICE_SUMMARY,3597,,SLICE_00015,2,ALGO_SLICE,ALGO_001,3598,REC_00000016,1,Buy,2025-08-12T09:18:35,PARTIAL,ASML.AS,CRITICAL
,650.0263926095128,C20241216_MEGA,SLICE_SUMMARY,3624,,SLICE_00016,2,ALGO_SLICE,ALGO_001,3625,REC_00000017,1,Buy,2025-08-12T09:20:30,PARTIAL,ASML.AS,CRITICAL
,650.0401723805438,C20241216_MEGA,SLICE_SUMMARY,2254,,SLICE_00017,2,ALGO_SLICE,ALGO_001,3382,REC_00000018,1128,Buy,2025-08-12T09:21:52,PARTIAL,ASML.AS,CRITICAL
,650.0392815107443,C20241216_MEGA,SLICE_SUMMARY,3279,,SLICE_00018,2,ALGO_SLICE,ALGO_001,3280,REC_00000019,1,Buy,2025-08-12T09:23:07,PARTIAL,ASML.AS,CRITICAL
,650.0290367537629,C20241216_MEGA,SLICE_SUMMARY,2139,,SLICE_00019,2,ALGO_SLICE,ALGO_001,2140,REC_00000020,1,Buy,2025-08-12T09:23:51,PARTIAL,ASML.AS,CRITICAL
,650.0322558025853,C20241216_MEGA,SLICE_SUMMARY,2955,,SLICE_00020,2,ALGO_SLICE,ALGO_001,2956,REC_00000021,1,Buy,2025-08-12T09:24:47,PARTIAL,ASML.AS,CRITICAL
,650.0331696032064,C20241216_MEGA,SLICE_SUMMARY,2097,,SLICE_00021,2,ALGO_SLICE,ALGO_001,2519,REC_00000022,422,Buy,2025-08-12T09:25:40,PARTIAL,ASML.AS,CRITICAL
,650.0380922359144,C20241216_MEGA,SLICE_SUMMARY,1842,,SLICE_00022,2,ALGO_SLICE,ALGO_001,2213,REC_00000023,371,Buy,2025-08-12T09:27:08,PARTIAL,ASML.AS,CRITICAL
,650.0268833824128,C20241216_MEGA,SLICE_SUMMARY,1882,,SLICE_00023,2,ALGO_SLICE,ALGO_001,2824,REC_00000024,942,Buy,2025-08-12T09:28:21,PARTIAL,ASML.AS,CRITICAL
,650.041631155313,C20241216_MEGA,SLICE_SUMMARY,3354,,SLICE_00024,2,ALGO_SLICE,ALGO_001,3354,REC_00000025,0,Buy,2025-08-12T09:28:51,FILLED,ASML.AS,CRITICAL
,650.0354066353899,C20241216_MEGA,SLICE_SUMMARY,3555,,SLICE_00025,2,ALGO_SLICE,ALGO_001,3556,REC_00000026,1,Buy,2025-08-12T09:30:09,PARTIAL,ASML.AS,CRITICAL
,650.0303609200691,C20241216_MEGA,SLICE_SUMMARY,2995,,SLICE_00026,2,ALGO_SLICE,ALGO_001,3595,REC_00000027,600,Buy,2025-08-12T09:31:14,PARTIAL,ASML.AS,CRITICAL
,650.0297279815849,C20241216_MEGA,SLICE_SUMMARY,3215,,SLICE_00027,2,ALGO_SLICE,ALGO_001,3859,REC_00000028,644,Buy,2025-08-12T09:31:48,PARTIAL,ASML.AS,CRITICAL
,650.0334770346151,C20241216_MEGA,SLICE_SUMMARY,2169,,SLICE_00028,2,ALGO_SLICE,ALGO_001,2171,REC_00000029,2,Buy,2025-08-12T09:33:29,PARTIAL,ASML.AS,CRITICAL
,650.02550129325,C20241216_MEGA,SLICE_SUMMARY,3660,,SLICE_00029,2,ALGO_SLICE,ALGO_001,3662,REC_00000030,2,Buy,2025-08-12T09:35:14,PARTIAL,ASML.AS,CRITICAL
,650.0419374376694,C20241216_MEGA,SLICE_SUMMARY,3666,,SLICE_00030,2,ALGO_SLICE,ALGO_001,3666,REC_00000031,0,Buy,2025-08-12T09:36:26,FILLED,ASML.AS,CRITICAL
,650.0359660950535,C20241216_MEGA,SLICE_SUMMARY,2355,,SLICE_00031,2,ALGO_SLICE,ALGO_001,2357,REC_00000032,2,Buy,2025-08-12T09:38:21,PARTIAL,ASML.AS,CRITICAL
,650.0329495764397,C20241216_MEGA,SLICE_SUMMARY,3624,,SLICE_00032,2,ALGO_SLICE,ALGO_001,3626,REC_00000033,2,Buy,2025-08-12T09:39:19,PARTIAL,ASML.AS,CRITICAL
,650.0377168247322,C20241216_MEGA,SLICE_SUMMARY,3837,,SLICE_00033,2,ALGO_SLICE,ALGO_001,3838,REC_00000034,1,Buy,2025-08-12T09:40:22,PARTIAL,ASML.AS,CRITICAL
,650.0328396583815,C20241216_MEGA,SLICE_SUMMARY,2598,,SLICE_00034,2,ALGO_SLICE,ALGO_001,3899,REC_00000035,1301,Buy,2025-08-12T09:41:13,PARTIAL,ASML.AS,CRITICAL
,650.0354921589824,C20241216_MEGA,SLICE_SUMMARY,2181,,SLICE_00035,2,ALGO_SLICE,ALGO_001,2183,REC_00000036,2,Buy,2025-08-12T09:42:54,PARTIAL,ASML.AS,CRITICAL
,650.0400681651539,C20241216_MEGA,SLICE_SUMMARY,2067,,SLICE_00036,2,ALGO_SLICE,ALGO_001,2068,REC_00000037,1,Buy,2025-08-12T09:43:46,PARTIAL,ASML.AS,CRITICAL
,650.0417215033754,C20241216_MEGA,SLICE_SUMMARY,3216,,SLICE_00037,2,ALGO_SLICE,ALGO_001,3218,REC_00000038,2,Buy,2025-08-12T09:44:53,PARTIAL,ASML.AS,CRITICAL
,650.0403112393764,C20241216_MEGA,SLICE_SUMMARY,2124,,SLICE_00038,2,ALGO_SLICE,ALGO_001,2126,REC_00000039,2,Buy,2025-08-12T09:46:02,PARTIAL,ASML.AS,CRITICAL
,650.0315061188036,C20241216_MEGA,SLICE_SUMMARY,3117,,SLICE_00039,2,ALGO_SLICE,ALGO_001,3117,REC_00000040,0,Buy,2025-08-12T09:46:32,FILLED,ASML.AS,CRITICAL
,650.039307049284,C20241216_MEGA,SLICE_SUMMARY,3408,,SLICE_00040,2,ALGO_SLICE,ALGO_001,3410,REC_00000041,2,Buy,2025-08-12T09:47:07,PARTIAL,ASML.AS,CRITICAL
,650.0248254739306,C20241216_MEGA,SLICE_SUMMARY,2295,,SLICE_00041,2,ALGO_SLICE,ALGO_001,2297,REC_00000042,2,Buy,2025-08-12T09:47:55,PARTIAL,ASML.AS,CRITICAL
,650.0251268001819,C20241216_MEGA,SLICE_SUMMARY,2115,,SLICE_00042,2,ALGO_SLICE,ALGO_001,2117,REC_00000043,2,Buy,2025-08-12T09:49:29,PARTIAL,ASML.AS,CRITICAL
,650.0348280967436,C20241216_MEGA,SLICE_SUMMARY,2628,,SLICE_00043,2,ALGO_SLICE,ALGO_001,2629,REC_00000044,1,Buy,2025-08-12T09:51:05,PARTIAL,ASML.AS,CRITICAL
,650.0315628710672,C20241216_MEGA,SLICE_SUMMARY,3753,,SLICE_00044,2,ALGO_SLICE,ALGO_001,3755,REC_00000045,2,Buy,2025-08-12T09:52:17,PARTIAL,ASML.AS,CRITICAL
,650.0334516561846,C20241216_MEGA,SLICE_SUMMARY,3295,,SLICE_00045,2,ALGO_SLICE,ALGO_001,3955,REC_00000046,660,Buy,2025-08-12T09:53:08,PARTIAL,ASML.AS,CRITICAL
,650.0325903341991,C20241216_MEGA,SLICE_SUMMARY,2136,,SLICE_00046,2,ALGO_SLICE,ALGO_001,2136,REC_00000047,0,Buy,2025-08-12T09:54:06,FILLED,ASML.AS,CRITICAL
,650.0406416329558,C20241216_MEGA,SLICE_SUMMARY,2765,,SLICE_00047,2,ALGO_SLICE,ALGO_001,3319,REC_00000048,554,Buy,2025-08-12T09:54:52,PARTIAL,ASML.AS,CRITICAL
,650.0366510001116,C20241216_MEGA,SLICE_SUMMARY,3831,,SLICE_00048,2,ALGO_SLICE,ALGO_001,3832,REC_00000049,1,Buy,2025-08-12T09:55:38,PARTIAL,ASML.AS,CRITICAL
,650.0372970848568,C20241216_MEGA,SLICE_SUMMARY,2230,,SLICE_00049,2,ALGO_SLICE,ALGO_001,2677,REC_00000050,447,Buy,2025-08-12T09:56:42,PARTIAL,ASML.AS,CRITICAL
,650.0334440138348,C20241216_MEGA,SLICE_SUMMARY,2562,,SLICE_00050,2,ALGO_SLICE,ALGO_001,2563,REC_00000051,1,Buy,2025-08-12T09:57:26,PARTIAL,ASML.AS,CRITICAL
,650.0345783005716,C20241216_MEGA,CLIENT_UPDATE,136386,1,CLIENT_001,0,CLIENT,,5000000,REC_00000052,4863614,Buy,2025-08-12T09:57:27,WORKING,ASML.AS,CRITICAL
,650.0436628483666,C20241216_MEGA,SLICE_SUMMARY,2787,,SLICE_00051,2,ALGO_SLICE,ALGO_001,2789,REC_00000053,2,Buy,2025-08-12T09:59:26,PARTIAL,ASML.AS,CRITICAL
,650.0409995592527,C20241216_MEGA,SLICE_SUMMARY,3543,,SLICE_00052,2,ALGO_SLICE,ALGO_001,3544,REC_00000054,1,Buy,2025-08-12T10:01:13,PARTIAL,ASML.AS,CRITICAL
,650.0461092914667,C20241216_MEGA,SLICE_SUMMARY,1600,,SLICE_00053,2,ALGO_SLICE,ALGO_001,2401,REC_00000055,801,Buy,2025-08-12T10:02:12,PARTIAL,ASML.AS,CRITICAL
,650.0292894394616,C20241216_MEGA,SLICE_SUMMARY,2049,,SLICE_00054,2,ALGO_SLICE,ALGO_001,2051,REC_00000056,2,Buy,2025-08-12T10:04:08,PARTIAL,ASML.AS,CRITICAL
,650.0457776918724,C20241216_MEGA,SLICE_SUMMARY,1594,,SLICE_00055,2,ALGO_SLICE,ALGO_001,2392,REC_00000057,798,Buy,2025-08-12T10:05:24,PARTIAL,ASML.AS,CRITICAL
,650.0342833759256,C20241216_MEGA,SLICE_SUMMARY,3477,,SLICE_00056,2,ALGO_SLICE,ALGO_001,3478,REC_00000058,1,Buy,2025-08-12T10:07:22,PARTIAL,ASML.AS,CRITICAL
,650.0434020365254,C20241216_MEGA,SLICE_SUMMARY,2348,,SLICE_00057,2,ALGO_SLICE,ALGO_001,3523,REC_00000059,1175,Buy,2025-08-12T10:08:24,PARTIAL,ASML.AS,CRITICAL
,650.0355790194163,C20241216_MEGA,SLICE_SUMMARY,2742,,SLICE_00058,2,ALGO_SLICE,ALGO_001,3291,REC_00000060,549,Buy,2025-08-12T10:09:06,PARTIAL,ASML.AS,CRITICAL
,650.0356473490452,C20241216_MEGA,SLICE_SUMMARY,1902,,SLICE_00059,2,ALGO_SLICE,ALGO_001,2855,REC_00000061,953,Buy,2025-08-12T10:10:08,PARTIAL,ASML.AS,CRITICAL
,650.022550122387,C20241216_MEGA,SLICE_SUMMARY,2642,,SLICE_00060,2,ALGO_SLICE,ALGO_001,3965,REC_00000062,1323,Buy,2025-08-12T10:12:05,PARTIAL,ASML.AS,CRITICAL
,650.0367380845261,C20241216_MEGA,SLICE_SUMMARY,3987,,SLICE_00061,2,ALGO_SLICE,ALGO_001,3987,REC_00000063,0,Buy,2025-08-12T10:13:19,FILLED,ASML.AS,CRITICAL
,650.0316738042837,C20241216_MEGA,SLICE_SUMMARY,1632,,SLICE_00062,2,ALGO_SLICE,ALGO_001,2448,REC_00000064,816,Buy,2025-08-12T10:14:20,PARTIAL,ASML.AS,CRITICAL
,650.043697598745,C20241216_MEGA,SLICE_SUMMARY,2500,,SLICE_00063,2,ALGO_SLICE,ALGO_001,3000,REC_00000065,500,Buy,2025-08-12T10:15:14,PARTIAL,ASML.AS,CRITICAL
,650.0243289885597,C20241216_MEGA,SLICE_SUMMARY,1828,,SLICE_00064,2,ALGO_SLICE,ALGO_001,2742,REC_00000066,914,Buy,2025-08-12T10:16:32,PARTIAL,ASML.AS,CRITICAL
,650.0398799515875,C20241216_MEGA,SLICE_SUMMARY,3759,,SLICE_00065,2,ALGO_SLICE,ALGO_001,3760,REC_00000067,1,Buy,2025-08-12T10:17:49,PARTIAL,ASML.AS,CRITICAL
,650.0302648492251,C20241216_MEGA,SLICE_SUMMARY,3330,,SLICE_00066,2,ALGO_SLICE,ALGO_001,3330,REC_00000068,0,Buy,2025-08-12T10:19:03,FILLED,ASML.AS,CRITICAL
,650.0295502829977,C20241216_MEGA,SLICE_SUMMARY,1008,,SLICE_00067,2,ALGO_SLICE,ALGO_001,3025,REC_00000069,2017,Buy,2025-08-12T10:20:01,PARTIAL,ASML.AS,CRITICAL
,650.0323121639885,C20241216_MEGA,SLICE_SUMMARY,2988,,SLICE_00068,2,ALGO_SLICE,ALGO_001,2988,REC_00000070,0,Buy,2025-08-12T10:20:34,FILLED,ASML.AS,CRITICAL
,650.0329039166762,C20241216_MEGA,SLICE_SUMMARY,2987,,SLICE_00069,2,ALGO_SLICE,ALGO_001,3587,REC_00000071,600,Buy,2025-08-12T10:21:23,PARTIAL,ASML.AS,CRITICAL
,650.0407777546678,C20241216_MEGA,SLICE_SUMMARY,2217,,SLICE_00070,2,ALGO_SLICE,ALGO_001,2217,REC_00000072,0,Buy,2025-08-12T10:22:01,FILLED,ASML.AS,CRITICAL
,650.03272700897,C20241216_MEGA,SLICE_SUMMARY,3333,,SLICE_00071,2,ALGO_SLICE,ALGO_001,3334,REC_00000073,1,Buy,2025-08-12T10:23:36,PARTIAL,ASML.AS,CRITICAL
,650.0374791173233,C20241216_MEGA,SLICE_SUMMARY,2410,,SLICE_00072,2,ALGO_SLICE,ALGO_001,2894,REC_00000074,484,Buy,2025-08-12T10:25:25,PARTIAL,ASML.AS,CRITICAL
,650.0381650985732,C20241216_MEGA,SLICE_SUMMARY,2712,,SLICE_00073,2,ALGO_SLICE,ALGO_001,2712,REC_00000075,0,Buy,2025-08-12T10:26:25,FILLED,ASML.AS,CRITICAL
,650.030245839879,C20241216_MEGA,SLICE_SUMMARY,2508,,SLICE_00074,2,ALGO_SLICE,ALGO_001,2510,REC_00000076,2,Buy,2025-08-12T10:27:03,PARTIAL,ASML.AS,CRITICAL
,650.0358804796238,C20241216_MEGA,SLICE_SUMMARY,2457,,SLICE_00075,2,ALGO_SLICE,ALGO_001,2951,REC_00000077,494,Buy,2025-08-12T10:28:43,PARTIAL,ASML.AS,CRITICAL
,650.0371970108873,C20241216_MEGA,SLICE_SUMMARY,2382,,SLICE_00076,2,ALGO_SLICE,ALGO_001,2382,REC_00000078,0,Buy,2025-08-12T10:29:30,FILLED,ASML.AS,CRITICAL
,650.0373665604521,C20241216_MEGA,SLICE_SUMMARY,1482,,SLICE_00077,2,ALGO_SLICE,ALGO_001,2225,REC_00000079,743,Buy,2025-08-12T10:30:03,PARTIAL,ASML.AS,CRITICAL
,650.0328305478567,C20241216_MEGA,SLICE_SUMMARY,2856,,SLICE_00078,2,ALGO_SLICE,ALGO_001,2857,REC_00000080,1,Buy,2025-08-12T10:30:52,PARTIAL,ASML.AS,CRITICAL
,650.0283974496988,C20241216_MEGA,SLICE_SUMMARY,3105,,SLICE_00079,2,ALGO_SLICE,ALGO_001,3105,REC_00000081,0,Buy,2025-08-12T10:32:23,FILLED,ASML.AS,CRITICAL
,650.0400515779389,C20241216_MEGA,SLICE_SUMMARY,2664,,SLICE_00080,2,ALGO_SLICE,ALGO_001,3998,REC_00000082,1334,Buy,2025-08-12T10:34:15,PARTIAL,ASML.AS,CRITICAL
,650.0357400034653,C20241216_MEGA,SLICE_SUMMARY,2784,,SLICE_00081,2,ALGO_SLICE,ALGO_001,2784,REC_00000083,0,Buy,2025-08-12T10:35:00,FILLED,ASML.AS,CRITICAL
,650.032091853839,C20241216_MEGA,SLICE_SUMMARY,1930,,SLICE_00082,2,ALGO_SLICE,ALGO_001,2318,REC_00000084,388,Buy,2025-08-12T10:36:11,PARTIAL,ASML.AS,CRITICAL
,650.037429527356,C20241216_MEGA,SLICE_SUMMARY,1582,,SLICE_00083,2,ALGO_SLICE,ALGO_001,2374,REC_00000085,792,Buy,2025-08-12T10:37:35,PARTIAL,ASML.AS,CRITICAL
,650.0311978416374,C20241216_MEGA,SLICE_SUMMARY,1528,,SLICE_00084,2,ALGO_SLICE,ALGO_001,2292,REC_00000086,764,Buy,2025-08-12T10:39:09,PARTIAL,ASML.AS,CRITICAL
,650.0327049654002,C20241216_MEGA,SLICE_SUMMARY,2421,,SLICE_00085,2,ALGO_SLICE,ALGO_001,2423,REC_00000087,2,Buy,2025-08-12T10:40:46,PARTIAL,ASML.AS,CRITICAL
,650.0327846115949,C20241216_MEGA,SLICE_SUMMARY,3054,,SLICE_00086,2,ALGO_SLICE,ALGO_001,3054,REC_00000088,0,Buy,2025-08-12T10:41:28,FILLED,ASML.AS,CRITICAL
,650.0351760552246,C20241216_MEGA,SLICE_SUMMARY,3432,,SLICE_00087,2,ALGO_SLICE,ALGO_001,3434,REC_00000089,2,Buy,2025-08-12T10:42:23,PARTIAL,ASML.AS,CRITICAL
,650.0290044390402,C20241216_MEGA,SLICE_SUMMARY,3621,,SLICE_00088,2,ALGO_SLICE,ALGO_001,3621,REC_00000090,0,Buy,2025-08-12T10:43:23,FILLED,ASML.AS,CRITICAL
,650.0300115743423,C20241216_MEGA,SLICE_SUMMARY,2751,,SLICE_00089,2,ALGO_SLICE,ALGO_001,2753,REC_00000091,2,Buy,2025-08-12T10:44:37,PARTIAL,ASML.AS,CRITICAL
,650.0306114227044,C20241216_MEGA,SLICE_SUMMARY,2064,,SLICE_00090,2,ALGO_SLICE,ALGO_001,2065,REC_00000092,1,Buy,2025-08-12T10:45:28,PARTIAL,ASML.AS,CRITICAL
,650.0311629445757,C20241216_MEGA,SLICE_SUMMARY,3900,,SLICE_00091,2,ALGO_SLICE,ALGO_001,3901,REC_00000093,1,Buy,2025-08-12T10:47:13,PARTIAL,ASML.AS,CRITICAL
,650.0367542129801,C20241216_MEGA,SLICE_SUMMARY,2237,,SLICE_00092,2,ALGO_SLICE,ALGO_001,2686,REC_00000094,449,Buy,2025-08-12T10:48:59,PARTIAL,ASML.AS,CRITICAL
,650.03166682632,C20241216_MEGA,SLICE_SUMMARY,2340,,SLICE_00093,2,ALGO_SLICE,ALGO_001,2342,REC_00000095,2,Buy,2025-08-12T10:50:28,PARTIAL,ASML.AS,CRITICAL
,650.0333110830333,C20241216_MEGA,SLICE_SUMMARY,3032,,SLICE_00094,2,ALGO_SLICE,ALGO_001,3639,REC_00000096,607,Buy,2025-08-12T10:51:02,PARTIAL,ASML.AS,CRITICAL
,650.0444328993204,C20241216_MEGA,SLICE_SUMMARY,2130,,SLICE_00095,2,ALGO_SLICE,ALGO_001,2131,REC_00000097,1,Buy,2025-08-12T10:52:40,PARTIAL,ASML.AS,CRITICAL
,650.0340784166411,C20241216_MEGA,SLICE_SUMMARY,3498,,SLICE_00096,2,ALGO_SLICE,ALGO_001,3498,REC_00000098,0,Buy,2025-08-12T10:54:00,FILLED,ASML.AS,CRITICAL
,650.0284253322225,C20241216_MEGA,SLICE_SUMMARY,2154,,SLICE_00097,2,ALGO_SLICE,ALGO_001,2154,REC_00000099,0,Buy,2025-08-12T10:55:02,FILLED,ASML.AS,CRITICAL
,650.026066759879,C20241216_MEGA,SLICE_SUMMARY,3207,,SLICE_00098,2,ALGO_SLICE,ALGO_001,3209,REC_00000100,2,Buy,2025-08-12T10:55:57,PARTIAL,ASML.AS,CRITICAL
,650.0436878178955,C20241216_MEGA,SLICE_SUMMARY,2916,,SLICE_00099,2,ALGO_SLICE,ALGO_001,2917,REC_00000101,1,Buy,2025-08-12T10:56:46,PARTIAL,ASML.AS,CRITICAL
,650.0352423159427,C20241216_MEGA,SLICE_SUMMARY,2086,,SLICE_00100,2,ALGO_SLICE,ALGO_001,3130,REC_00000102,1044,Buy,2025-08-12T10:57:28,PARTIAL,ASML.AS,CRITICAL
,650.0346410892816,C20241216_MEGA,CLIENT_UPDATE,265882,2,CLIENT_001,0,CLIENT,,5000000,REC_00000103,4734118,Buy,2025-08-12T10:57:29,WORKING,ASML.AS,CRITICAL
,650.0342790650639,C20241216_MEGA,SLICE_SUMMARY,2628,,SLICE_00101,2,ALGO_SLICE,ALGO_001,2629,REC_00000104,1,Buy,2025-08-12T10:59:14,PARTIAL,ASML.AS,CRITICAL
,650.0242908298848,C20241216_MEGA,SLICE_SUMMARY,1884,,SLICE_00102,2,ALGO_SLICE,ALGO_001,3768,REC_00000105,1884,Buy,2025-08-12T11:00:50,PARTIAL,ASML.AS,CRITICAL
,650.0459539788435,C20241216_MEGA,SLICE_SUMMARY,2505,,SLICE_00103,2,ALGO_SLICE,ALGO_001,2507,REC_00000106,2,Buy,2025-08-12T11:02:37,PARTIAL,ASML.AS,CRITICAL
,650.0318372562183,C20241216_MEGA,SLICE_SUMMARY,3438,,SLICE_00104,2,ALGO_SLICE,ALGO_001,3439,REC_00000107,1,Buy,2025-08-12T11:03:33,PARTIAL,ASML.AS,CRITICAL
,650.0304430806825,C20241216_MEGA,SLICE_SUMMARY,2586,,SLICE_00105,2,ALGO_SLICE,ALGO_001,2586,REC_00000108,0,Buy,2025-08-12T11:05:11,FILLED,ASML.AS,CRITICAL
,650.0330410598364,C20241216_MEGA,SLICE_SUMMARY,3287,,SLICE_00106,2,ALGO_SLICE,ALGO_001,3946,REC_00000109,659,Buy,2025-08-12T11:06:23,PARTIAL,ASML.AS,CRITICAL
,650.025161034011,C20241216_MEGA,SLICE_SUMMARY,1942,,SLICE_00107,2,ALGO_SLICE,ALGO_001,2913,REC_00000110,971,Buy,2025-08-12T11:07:08,PARTIAL,ASML.AS,CRITICAL
,650.0320545865263,C20241216_MEGA,SLICE_SUMMARY,2241,,SLICE_00108,2,ALGO_SLICE,ALGO_001,2241,REC_00000111,0,Buy,2025-08-12T11:08:39,FILLED,ASML.AS,CRITICAL
,650.0309845899316,C20241216_MEGA,SLICE_SUMMARY,2608,,SLICE_00109,2,ALGO_SLICE,ALGO_001,3914,REC_00000112,1306,Buy,2025-08-12T11:10:06,PARTIAL,ASML.AS,CRITICAL
,650.0328090896311,C20241216_MEGA,SLICE_SUMMARY,2976,,SLICE_00110,2,ALGO_SLICE,ALGO_001,2978,REC_00000113,2,Buy,2025-08-12T11:10:44,PARTIAL,ASML.AS,CRITICAL
,650.0383117779312,C20241216_MEGA,SLICE_SUMMARY,3210,,SLICE_00111,2,ALGO_SLICE,ALGO_001,3212,REC_00000114,2,Buy,2025-08-12T11:11:47,PARTIAL,ASML.AS,CRITICAL
,650.041557288712,C20241216_MEGA,SLICE_SUMMARY,2740,,SLICE_00112,2,ALGO_SLICE,ALGO_001,3290,REC_00000115,550,Buy,2025-08-12T11:12:31,PARTIAL,ASML.AS,CRITICAL
,650.0303256539524,C20241216_MEGA,SLICE_SUMMARY,2752,,SLICE_00113,2,ALGO_SLICE,ALGO_001,3305,REC_00000116,553,Buy,2025-08-12T11:13:22,PARTIAL,ASML.AS,CRITICAL
,650.0352859310243,C20241216_MEGA,SLICE_SUMMARY,1890,,SLICE_00114,2,ALGO_SLICE,ALGO_001,2268,REC_00000117,378,Buy,2025-08-12T11:14:41,PARTIAL,ASML.AS,CRITICAL
,650.0378025789499,C20241216_MEGA,SLICE_SUMMARY,2790,,SLICE_00115,2,ALGO_SLICE,ALGO_001,2791,REC_00000118,1,Buy,2025-08-12T11:15:35,PARTIAL,ASML.AS,CRITICAL
,650.0341022674905,C20241216_MEGA,SLICE_SUMMARY,2598,,SLICE_00116,2,ALGO_SLICE,ALGO_001,2598,REC_00000119,0,Buy,2025-08-12T11:16:14,FILLED,ASML.AS,CRITICAL
,650.0390642660719,C20241216_MEGA,SLICE_SUMMARY,3156,,SLICE_00117,2,ALGO_SLICE,ALGO_001,3156,REC_00000120,0,Buy,2025-08-12T11:17:21,FILLED,ASML.AS,CRITICAL
,650.0398376125161,C20241216_MEGA,SLICE_SUMMARY,2658,,SLICE_00118,2,ALGO_SLICE,ALGO_001,3988,REC_00000121,1330,Buy,2025-08-12T11:18:57,PARTIAL,ASML.AS,CRITICAL
,650.0425945325459,C20241216_MEGA,SLICE_SUMMARY,3072,,SLICE_00119,2,ALGO_SLICE,ALGO_001,3073,REC_00000122,1,Buy,2025-08-12T11:20:19,PARTIAL,ASML.AS,CRITICAL
,650.0392693907887,C20241216_MEGA,SLICE_SUMMARY,2605,,SLICE_00120,2,ALGO_SLICE,ALGO_001,3911,REC_00000123,1306,Buy,2025-08-12T11:21:28,PARTIAL,ASML.AS,CRITICAL
,650.0377688622195,C20241216_MEGA,SLICE_SUMMARY,2912,,SLICE_00121,2,ALGO_SLICE,ALGO_001,3495,REC_00000124,583,Buy,2025-08-12T11:22:03,PARTIAL,ASML.AS,CRITICAL
,650.0286141708201,C20241216_MEGA,SLICE_SUMMARY,1910,,SLICE_00122,2,ALGO_SLICE,ALGO_001,2294,REC_00000125,384,Buy,2025-08-12T11:23:08,PARTIAL,ASML.AS,CRITICAL
,650.041798583776,C20241216_MEGA,SLICE_SUMMARY,3948,,SLICE_00123,2,ALGO_SLICE,ALGO_001,3949,REC_00000126,1,Buy,2025-08-12T11:24:22,PARTIAL,ASML.AS,CRITICAL
,650.0268856184983,C20241216_MEGA,SLICE_SUMMARY,2499,,SLICE_00124,2,ALGO_SLICE,ALGO_001,2499,REC_00000127,0,Buy,2025-08-12T11:24:58,FILLED,ASML.AS,CRITICAL
,650.0418011592803,C20241216_MEGA,SLICE_SUMMARY,1732,,SLICE_00125,2,ALGO_SLICE,ALGO_001,2600,REC_00000128,868,Buy,2025-08-12T11:25:43,PARTIAL,ASML.AS,CRITICAL
,650.030507477346,C20241216_MEGA,SLICE_SUMMARY,2727,,SLICE_00126,2,ALGO_SLICE,ALGO_001,3274,REC_00000129,547,Buy,2025-08-12T11:26:43,PARTIAL,ASML.AS,CRITICAL
,650.0272097735299,C20241216_MEGA,SLICE_SUMMARY,3258,,SLICE_00127,2,ALGO_SLICE,ALGO_001,3259,REC_00000130,1,Buy,2025-08-12T11:27:18,PARTIAL,ASML.AS,CRITICAL
,650.0385575597955,C20241216_MEGA,SLICE_SUMMARY,3333,,SLICE_00128,2,ALGO_SLICE,ALGO_001,3334,REC_00000131,1,Buy,2025-08-12T11:27:58,PARTIAL,ASML.AS,CRITICAL
,650.035896526204,C20241216_MEGA,SLICE_SUMMARY,3225,,SLICE_00129,2,ALGO_SLICE,ALGO_001,3227,REC_00000132,2,Buy,2025-08-12T11:29:49,PARTIAL,ASML.AS,CRITICAL
,650.0308678976713,C20241216_MEGA,SLICE_SUMMARY,2034,,SLICE_00130,2,ALGO_SLICE,ALGO_001,2034,REC_00000133,0,Buy,2025-08-12T11:31:39,FILLED,ASML.AS,CRITICAL
,650.0370309111572,C20241216_MEGA,SLICE_SUMMARY,2015,,SLICE_00131,2,ALGO_SLICE,ALGO_001,2419,REC_00000134,404,Buy,2025-08-12T11:33:22,PARTIAL,ASML.AS,CRITICAL
,650.038553192703,C20241216_MEGA,SLICE_SUMMARY,1767,,SLICE_00132,2,ALGO_SLICE,ALGO_001,2122,REC_00000135,355,Buy,2025-08-12T11:33:57,PARTIAL,ASML.AS,CRITICAL
,650.0427097073748,C20241216_MEGA,SLICE_SUMMARY,3069,,SLICE_00133,2,ALGO_SLICE,ALGO_001,3069,REC_00000136,0,Buy,2025-08-12T11:35:43,FILLED,ASML.AS,CRITICAL
,650.0372381441873,C20241216_MEGA,SLICE_SUMMARY,1430,,SLICE_00134,2,ALGO_SLICE,ALGO_001,2146,REC_00000137,716,Buy,2025-08-12T11:36:32,PARTIAL,ASML.AS,CRITICAL
,650.034387889046,C20241216_MEGA,SLICE_SUMMARY,2285,,SLICE_00135,2,ALGO_SLICE,ALGO_001,2743,REC_00000138,458,Buy,2025-08-12T11:38:24,PARTIAL,ASML.AS,CRITICAL
,650.0279088610309,C20241216_MEGA,SLICE_SUMMARY,2652,,SLICE_00136,2,ALGO_SLICE,ALGO_001,3183,REC_00000139,531,Buy,2025-08-12T11:40:08,PARTIAL,ASML.AS,CRITICAL
,650.0292818439133,C20241216_MEGA,SLICE_SUMMARY,2640,,SLICE_00137,2,ALGO_SLICE,ALGO_001,2641,REC_00000140,1,Buy,2025-08-12T11:41:36,PARTIAL,ASML.AS,CRITICAL
,650.0347842591536,C20241216_MEGA,SLICE_SUMMARY,2466,,SLICE_00138,2,ALGO_SLICE,ALGO_001,2467,REC_00000141,1,Buy,2025-08-12T11:43:21,PARTIAL,ASML.AS,CRITICAL
,650.0340104131975,C20241216_MEGA,SLICE_SUMMARY,2541,,SLICE_00139,2,ALGO_SLICE,ALGO_001,2541,REC_00000142,0,Buy,2025-08-12T11:43:53,FILLED,ASML.AS,CRITICAL
,650.0367482855157,C20241216_MEGA,SLICE_SUMMARY,3180,,SLICE_00140,2,ALGO_SLICE,ALGO_001,3182,REC_00000143,2,Buy,2025-08-12T11:45:44,PARTIAL,ASML.AS,CRITICAL
,650.0424597495105,C20241216_MEGA,SLICE_SUMMARY,2375,,SLICE_00141,2,ALGO_SLICE,ALGO_001,2850,REC_00000144,475,Buy,2025-08-12T11:46:21,PARTIAL,ASML.AS,CRITICAL
,650.0280751127822,C20241216_MEGA,SLICE_SUMMARY,2312,,SLICE_00142,2,ALGO_SLICE,ALGO_001,2777,REC_00000145,465,Buy,2025-08-12T11:47:04,PARTIAL,ASML.AS,CRITICAL
,650.0330867981231,C20241216_MEGA,SLICE_SUMMARY,1698,,SLICE_00143,2,ALGO_SLICE,ALGO_001,2549,REC_00000146,851,Buy,2025-08-12T11:47:45,PARTIAL,ASML.AS,CRITICAL
,650.0362553339224,C20241216_MEGA,SLICE_SUMMARY,2597,,SLICE_00144,2,ALGO_SLICE,ALGO_001,3118,REC_00000147,521,Buy,2025-08-12T11:48:46,PARTIAL,ASML.AS,CRITICAL
,650.0263868261685,C20241216_MEGA,SLICE_SUMMARY,1928,,SLICE_00145,2,ALGO_SLICE,ALGO_001,2893,REC_00000148,965,Buy,2025-08-12T11:50:04,PARTIAL,ASML.AS,CRITICAL
,650.0348505456349,C20241216_MEGA,SLICE_SUMMARY,3111,,SLICE_00146,2,ALGO_SLICE,ALGO_001,3111,REC_00000149,0,Buy,2025-08-12T11:50:35,FILLED,ASML.AS,CRITICAL
,650.0245275809744,C20241216_MEGA,SLICE_SUMMARY,1784,,SLICE_00147,2,ALGO_SLICE,ALGO_001,2677,REC_00000150,893,Buy,2025-08-12T11:52:33,PARTIAL,ASML.AS,CRITICAL
,650.0364836485163,C20241216_MEGA,SLICE_SUMMARY,2080,,SLICE_00148,2,ALGO_SLICE,ALGO_001,3120,REC_00000151,1040,Buy,2025-08-12T11:53:07,PARTIAL,ASML.AS,CRITICAL
,650.0316576077118,C20241216_MEGA,SLICE_SUMMARY,3840,,SLICE_00149,2,ALGO_SLICE,ALGO_001,3841,REC_00000152,1,Buy,2025-08-12T11:54:16,PARTIAL,ASML.AS,CRITICAL
,650.0407463195495,C20241216_MEGA,SLICE_SUMMARY,2570,,SLICE_00150,2,ALGO_SLICE,ALGO_001,3857,REC_00000153,1287,Buy,2025-08-12T11:54:55,PARTIAL,ASML.AS,CRITICAL
,650.0346924167391,C20241216_MEGA,CLIENT_UPDATE,395366,3,CLIENT_001,0,CLIENT,,5000000,REC_00000154,4604634,Buy,2025-08-12T11:54:56,WORKING,ASML.AS,CRITICAL
,650.0391822467278,C20241216_MEGA,SLICE_SUMMARY,2373,,SLICE_00151,2,ALGO_SLICE,ALGO_001,2375,REC_00000155,2,Buy,2025-08-12T11:56:01,PARTIAL,ASML.AS,CRITICAL
,650.0432766458546,C20241216_MEGA,SLICE_SUMMARY,3230,,SLICE_00152,2,ALGO_SLICE,ALGO_001,3876,REC_00000156,646,Buy,2025-08-12T11:57:02,PARTIAL,ASML.AS,CRITICAL
,650.0387301337466,C20241216_MEGA,SLICE_SUMMARY,2703,,SLICE_00153,2,ALGO_SLICE,ALGO_001,2705,REC_00000157,2,Buy,2025-08-12T11:57:35,PARTIAL,ASML.AS,CRITICAL
,650.02371268016,C20241216_MEGA,SLICE_SUMMARY,2106,,SLICE_00154,2,ALGO_SLICE,ALGO_001,2106,REC_00000158,0,Buy,2025-08-12T11:58:41,FILLED,ASML.AS,CRITICAL
,650.0352274707546,C20241216_MEGA,SLICE_SUMMARY,2987,,SLICE_00155,2,ALGO_SLICE,ALGO_001,3585,REC_00000159,598,Buy,2025-08-12T12:00:19,PARTIAL,ASML.AS,CRITICAL
,650.031520376463,C20241216_MEGA,SLICE_SUMMARY,2024,,SLICE_00156,2,ALGO_SLICE,ALGO_001,3036,REC_00000160,1012,Buy,2025-08-12T12:02:18,PARTIAL,ASML.AS,CRITICAL
,650.0350136200926,C20241216_MEGA,SLICE_SUMMARY,3342,,SLICE_00157,2,ALGO_SLICE,ALGO_001,3342,REC_00000161,0,Buy,2025-08-12T12:04:05,FILLED,ASML.AS,CRITICAL
,650.0337212345412,C20241216_MEGA,SLICE_SUMMARY,2451,,SLICE_00158,2,ALGO_SLICE,ALGO_001,2453,REC_00000162,2,Buy,2025-08-12T12:05:55,PARTIAL,ASML.AS,CRITICAL
,650.0360034116363,C20241216_MEGA,SLICE_SUMMARY,2082,,SLICE_00159,2,ALGO_SLICE,ALGO_001,2083,REC_00000163,1,Buy,2025-08-12T12:07:05,PARTIAL,ASML.AS,CRITICAL
,650.0391795163241,C20241216_MEGA,SLICE_SUMMARY,3321,,SLICE_00160,2,ALGO_SLICE,ALGO_001,3323,REC_00000164,2,Buy,2025-08-12T12:08:21,PARTIAL,ASML.AS,CRITICAL
,650.0324145806478,C20241216_MEGA,SLICE_SUMMARY,3492,,SLICE_00161,2,ALGO_SLICE,ALGO_001,3494,REC_00000165,2,Buy,2025-08-12T12:10:05,PARTIAL,ASML.AS,CRITICAL
,650.0389371737958,C20241216_MEGA,SLICE_SUMMARY,3978,,SLICE_00162,2,ALGO_SLICE,ALGO_001,3978,REC_00000166,0,Buy,2025-08-12T12:11:49,FILLED,ASML.AS,CRITICAL
,650.0316031044994,C20241216_MEGA,SLICE_SUMMARY,3189,,SLICE_00163,2,ALGO_SLICE,ALGO_001,3191,REC_00000167,2,Buy,2025-08-12T12:13:40,PARTIAL,ASML.AS,CRITICAL
,650.040009689241,C20241216_MEGA,SLICE_SUMMARY,3447,,SLICE_00164,2,ALGO_SLICE,ALGO_001,3447,REC_00000168,0,Buy,2025-08-12T12:15:10,FILLED,ASML.AS,CRITICAL
,650.0339990762104,C20241216_MEGA,SLICE_SUMMARY,2670,,SLICE_00165,2,ALGO_SLICE,ALGO_001,2672,REC_00000169,2,Buy,2025-08-12T12:16:04,PARTIAL,ASML.AS,CRITICAL
,650.0373465314373,C20241216_MEGA,SLICE_SUMMARY,2607,,SLICE_00166,2,ALGO_SLICE,ALGO_001,2609,REC_00000170,2,Buy,2025-08-12T12:17:46,PARTIAL,ASML.AS,CRITICAL
,650.0390454754378,C20241216_MEGA,SLICE_SUMMARY,3285,,SLICE_00167,2,ALGO_SLICE,ALGO_001,3287,REC_00000171,2,Buy,2025-08-12T12:19:20,PARTIAL,ASML.AS,CRITICAL
,650.045783048779,C20241216_MEGA,SLICE_SUMMARY,2112,,SLICE_00168,2,ALGO_SLICE,ALGO_001,3168,REC_00000172,1056,Buy,2025-08-12T12:20:56,PARTIAL,ASML.AS,CRITICAL
,650.0388973131086,C20241216_MEGA,SLICE_SUMMARY,1344,,SLICE_00169,2,ALGO_SLICE,ALGO_001,2018,REC_00000173,674,Buy,2025-08-12T12:22:13,PARTIAL,ASML.AS,CRITICAL
,650.0314855345749,C20241216_MEGA,SLICE_SUMMARY,3810,,SLICE_00170,2,ALGO_SLICE,ALGO_001,3812,REC_00000174,2,Buy,2025-08-12T12:23:50,PARTIAL,ASML.AS,CRITICAL
,650.0353233081322,C20241216_MEGA,SLICE_SUMMARY,2535,,SLICE_00171,2,ALGO_SLICE,ALGO_001,2536,REC_00000175,1,Buy,2025-08-12T12:25:28,PARTIAL,ASML.AS,CRITICAL
,650.0290322290141,C20241216_MEGA,SLICE_SUMMARY,1912,,SLICE_00172,2,ALGO_SLICE,ALGO_001,2868,REC_00000176,956,Buy,2025-08-12T12:27:27,PARTIAL,ASML.AS,CRITICAL
,650.0315481773101,C20241216_MEGA,SLICE_SUMMARY,2304,,SLICE_00173,2,ALGO_SLICE,ALGO_001,3456,REC_00000177,1152,Buy,2025-08-12T12:28:36,PARTIAL,ASML.AS,CRITICAL
,650.0333257370241,C20241216_MEGA,SLICE_SUMMARY,2262,,SLICE_00174,2,ALGO_SLICE,ALGO_001,2717,REC_00000178,455,Buy,2025-08-12T12:30:32,PARTIAL,ASML.AS,CRITICAL
,650.0335870731875,C20241216_MEGA,SLICE_SUMMARY,2516,,SLICE_00175,2,ALGO_SLICE,ALGO_001,3774,REC_00000179,1258,Buy,2025-08-12T12:32:25,PARTIAL,ASML.AS,CRITICAL
,650.0221764502033,C20241216_MEGA,SLICE_SUMMARY,1398,,SLICE_00176,2,ALGO_SLICE,ALGO_001,2099,REC_00000180,701,Buy,2025-08-12T12:33:59,PARTIAL,ASML.AS,CRITICAL
,650.0395789072095,C20241216_MEGA,SLICE_SUMMARY,2322,,SLICE_00177,2,ALGO_SLICE,ALGO_001,2324,REC_00000181,2,Buy,2025-08-12T12:35:40,PARTIAL,ASML.AS,CRITICAL
,650.0379411731275,C20241216_MEGA,SLICE_SUMMARY,2482,,SLICE_00178,2,ALGO_SLICE,ALGO_001,2980,REC_00000182,498,Buy,2025-08-12T12:37:13,PARTIAL,ASML.AS,CRITICAL
,650.034252795854,C20241216_MEGA,SLICE_SUMMARY,2555,,SLICE_00179,2,ALGO_SLICE,ALGO_001,3067,REC_00000183,512,Buy,2025-08-12T12:38:15,PARTIAL,ASML.AS,CRITICAL
,650.0412114723008,C20241216_MEGA,SLICE_SUMMARY,1656,,SLICE_00180,2,ALGO_SLICE,ALGO_001,2484,REC_00000184,828,Buy,2025-08-12T12:39:44,PARTIAL,ASML.AS,CRITICAL
,650.035836113266,C20241216_MEGA,SLICE_SUMMARY,1622,,SLICE_00181,2,ALGO_SLICE,ALGO_001,2433,REC_00000185,811,Buy,2025-08-12T12:40:26,PARTIAL,ASML.AS,CRITICAL
,650.0315176062472,C20241216_MEGA,SLICE_SUMMARY,3750,,SLICE_00182,2,ALGO_SLICE,ALGO_001,3752,REC_00000186,2,Buy,2025-08-12T12:41:46,PARTIAL,ASML.AS,CRITICAL
,650.0254249929876,C20241216_MEGA,SLICE_SUMMARY,2178,,SLICE_00183,2,ALGO_SLICE,ALGO_001,3269,REC_00000187,1091,Buy,2025-08-12T12:43:38,PARTIAL,ASML.AS,CRITICAL
,650.0256268115525,C20241216_MEGA,SLICE_SUMMARY,1762,,SLICE_00184,2,ALGO_SLICE,ALGO_001,2643,REC_00000188,881,Buy,2025-08-12T12:44:33,PARTIAL,ASML.AS,CRITICAL
,650.0355619895827,C20241216_MEGA,SLICE_SUMMARY,3213,,SLICE_00185,2,ALGO_SLICE,ALGO_001,3214,REC_00000189,1,Buy,2025-08-12T12:45:13,PARTIAL,ASML.AS,CRITICAL
,650.0321590447369,C20241216_MEGA,SLICE_SUMMARY,1122,,SLICE_00186,2,ALGO_SLICE,ALGO_001,2244,REC_00000190,1122,Buy,2025-08-12T12:46:57,PARTIAL,ASML.AS,CRITICAL
,650.0338020326426,C20241216_MEGA,SLICE_SUMMARY,3882,,SLICE_00187,2,ALGO_SLICE,ALGO_001,3883,REC_00000191,1,Buy,2025-08-12T12:48:36,PARTIAL,ASML.AS,CRITICAL
,650.0329129458777,C20241216_MEGA,SLICE_SUMMARY,3642,,SLICE_00188,2,ALGO_SLICE,ALGO_001,3644,REC_00000192,2,Buy,2025-08-12T12:49:18,PARTIAL,ASML.AS,CRITICAL
,650.0360389261652,C20241216_MEGA,SLICE_SUMMARY,2169,,SLICE_00189,2,ALGO_SLICE,ALGO_001,2170,REC_00000193,1,Buy,2025-08-12T12:51:14,PARTIAL,ASML.AS,CRITICAL
,650.0367061550259,C20241216_MEGA,SLICE_SUMMARY,1972,,SLICE_00190,2,ALGO_SLICE,ALGO_001,2369,REC_00000194,397,Buy,2025-08-12T12:52:59,PARTIAL,ASML.AS,CRITICAL
,650.0399905655481,C20241216_MEGA,SLICE_SUMMARY,1614,,SLICE_00191,2,ALGO_SLICE,ALGO_001,2422,REC_00000195,808,Buy,2025-08-12T12:54:12,PARTIAL,ASML.AS,CRITICAL
,650.045715166012,C20241216_MEGA,SLICE_SUMMARY,1650,,SLICE_00192,2,ALGO_SLICE,ALGO_001,3302,REC_00000196,1652,Buy,2025-08-12T12:55:01,PARTIAL,ASML.AS,CRITICAL
,650.0342022250849,C20241216_MEGA,SLICE_SUMMARY,2104,,SLICE_00193,2,ALGO_SLICE,ALGO_001,3158,REC_00000197,1054,Buy,2025-08-12T12:56:19,PARTIAL,ASML.AS,CRITICAL
,650.0421721947089,C20241216_MEGA,SLICE_SUMMARY,2672,,SLICE_00194,2,ALGO_SLICE,ALGO_001,3207,REC_00000198,535,Buy,2025-08-12T12:58:03,PARTIAL,ASML.AS,CRITICAL
,650.028254631482,C20241216_MEGA,SLICE_SUMMARY,2790,,SLICE_00195,2,ALGO_SLICE,ALGO_001,2792,REC_00000199,2,Buy,2025-08-12T12:59:18,PARTIAL,ASML.AS,CRITICAL
,650.0340411507157,C20241216_MEGA,SLICE_SUMMARY,2556,,SLICE_00196,2,ALGO_SLICE,ALGO_001,2557,REC_00000200,1,Buy,2025-08-12T12:59:55,PARTIAL,ASML.AS,CRITICAL
,650.0367045501143,C20241216_MEGA,SLICE_SUMMARY,3717,,SLICE_00197,2,ALGO_SLICE,ALGO_001,3717,REC_00000201,0,Buy,2025-08-12T13:01:03,FILLED,ASML.AS,CRITICAL
,650.0414882089624,C20241216_MEGA,SLICE_SUMMARY,3465,,SLICE_00198,2,ALGO_SLICE,ALGO_001,3467,REC_00000202,2,Buy,2025-08-12T13:02:31,PARTIAL,ASML.AS,CRITICAL
,650.0383819685605,C20241216_MEGA,SLICE_SUMMARY,3429,,SLICE_00199,2,ALGO_SLICE,ALGO_001,3430,REC_00000203,1,Buy,2025-08-12T13:04:16,PARTIAL,ASML.AS,CRITICAL
,650.0434854205226,C20241216_MEGA,SLICE_SUMMARY,3465,,SLICE_00200,2,ALGO_SLICE,ALGO_001,3467,REC_00000204,2,Buy,2025-08-12T13:04:59,PARTIAL,ASML.AS,CRITICAL
,650.0349420440089,C20241216_MEGA,CLIENT_UPDATE,526635,4,CLIENT_001,0,CLIENT,,5000000,REC_00000205,4473365,Buy,2025-08-12T13:05:00,WORKING,ASML.AS,CRITICAL
,650.0314188646431,C20241216_MEGA,SLICE_SUMMARY,3456,,SLICE_00201,2,ALGO_SLICE,ALGO_001,3456,REC_00000206,0,Buy,2025-08-12T13:06:00,FILLED,ASML.AS,CRITICAL
,650.0365404136447,C20241216_MEGA,SLICE_SUMMARY,2868,,SLICE_00202,2,ALGO_SLICE,ALGO_001,2868,REC_00000207,0,Buy,2025-08-12T13:06:58,FILLED,ASML.AS,CRITICAL
,650.0462197335784,C20241216_MEGA,SLICE_SUMMARY,1829,,SLICE_00203,2,ALGO_SLICE,ALGO_001,2746,REC_00000208,917,Buy,2025-08-12T13:08:06,PARTIAL,ASML.AS,CRITICAL
,650.0338920325661,C20241216_MEGA,SLICE_SUMMARY,3108,,SLICE_00204,2,ALGO_SLICE,ALGO_001,3110,REC_00000209,2,Buy,2025-08-12T13:09:06,PARTIAL,ASML.AS,CRITICAL
,650.0278594414984,C20241216_MEGA,SLICE_SUMMARY,2499,,SLICE_00205,2,ALGO_SLICE,ALGO_001,2501,REC_00000210,2,Buy,2025-08-12T13:09:44,PARTIAL,ASML.AS,CRITICAL
,650.0338252783037,C20241216_MEGA,SLICE_SUMMARY,1777,,SLICE_00206,2,ALGO_SLICE,ALGO_001,2135,REC_00000211,358,Buy,2025-08-12T13:10:58,PARTIAL,ASML.AS,CRITICAL
,650.0370958739136,C20241216_MEGA,SLICE_SUMMARY,3232,,SLICE_00207,2,ALGO_SLICE,ALGO_001,3881,REC_00000212,649,Buy,2025-08-12T13:11:35,PARTIAL,ASML.AS,CRITICAL
,650.0336665006193,C20241216_MEGA,SLICE_SUMMARY,2034,,SLICE_00208,2,ALGO_SLICE,ALGO_001,2034,REC_00000213,0,Buy,2025-08-12T13:13:29,FILLED,ASML.AS,CRITICAL
,650.0413580694333,C20241216_MEGA,SLICE_SUMMARY,3303,,SLICE_00209,2,ALGO_SLICE,ALGO_001,3305,REC_00000214,2,Buy,2025-08-12T13:14:26,PARTIAL,ASML.AS,CRITICAL
,650.0379777929423,C20241216_MEGA,SLICE_SUMMARY,3579,,SLICE_00210,2,ALGO_SLICE,ALGO_001,3579,REC_00000215,0,Buy,2025-08-12T13:15:14,FILLED,ASML.AS,CRITICAL
,650.0361844494875,C20241216_MEGA,SLICE_SUMMARY,3933,,SLICE_00211,2,ALGO_SLICE,ALGO_001,3934,REC_00000216,1,Buy,2025-08-12T13:17:04,PARTIAL,ASML.AS,CRITICAL
,650.0399420536374,C20241216_MEGA,SLICE_SUMMARY,1550,,SLICE_00212,2,ALGO_SLICE,ALGO_001,2325,REC_00000217,775,Buy,2025-08-12T13:17:41,PARTIAL,ASML.AS,CRITICAL
,650.0352394339226,C20241216_MEGA,SLICE_SUMMARY,1604,,SLICE_00213,2,ALGO_SLICE,ALGO_001,2408,REC_00000218,804,Buy,2025-08-12T13:19:03,PARTIAL,ASML.AS,CRITICAL
,650.0417337479741,C20241216_MEGA,SLICE_SUMMARY,2860,,SLICE_00214,2,ALGO_SLICE,ALGO_001,3434,REC_00000219,574,Buy,2025-08-12T13:20:01,PARTIAL,ASML.AS,CRITICAL
,650.034241425366,C20241216_MEGA,SLICE_SUMMARY,2658,,SLICE_00215,2,ALGO_SLICE,ALGO_001,2658,REC_00000220,0,Buy,2025-08-12T13:20:58,FILLED,ASML.AS,CRITICAL
,650.0298790288582,C20241216_MEGA,SLICE_SUMMARY,2841,,SLICE_00216,2,ALGO_SLICE,ALGO_001,2841,REC_00000221,0,Buy,2025-08-12T13:22:02,FILLED,ASML.AS,CRITICAL
,650.0369002019496,C20241216_MEGA,SLICE_SUMMARY,3205,,SLICE_00217,2,ALGO_SLICE,ALGO_001,3846,REC_00000222,641,Buy,2025-08-12T13:23:41,PARTIAL,ASML.AS,CRITICAL
,650.0448360124232,C20241216_MEGA,SLICE_SUMMARY,2040,,SLICE_00218,2,ALGO_SLICE,ALGO_001,2041,REC_00000223,1,Buy,2025-08-12T13:25:22,PARTIAL,ASML.AS,CRITICAL
,650.0338691578814,C20241216_MEGA,SLICE_SUMMARY,1414,,SLICE_00219,2,ALGO_SLICE,ALGO_001,2121,REC_00000224,707,Buy,2025-08-12T13:26:33,PARTIAL,ASML.AS,CRITICAL
,650.0275006268358,C20241216_MEGA,SLICE_SUMMARY,2358,,SLICE_00220,2,ALGO_SLICE,ALGO_001,2360,REC_00000225,2,Buy,2025-08-12T13:27:53,PARTIAL,ASML.AS,CRITICAL
,650.0251064219275,C20241216_MEGA,SLICE_SUMMARY,1023,,SLICE_00221,2,ALGO_SLICE,ALGO_001,2047,REC_00000226,1024,Buy,2025-08-12T13:29:35,PARTIAL,ASML.AS,CRITICAL
,650.0412981969014,C20241216_MEGA,SLICE_SUMMARY,2272,,SLICE_00222,2,ALGO_SLICE,ALGO_001,3410,REC_00000227,1138,Buy,2025-08-12T13:30:24,PARTIAL,ASML.AS,CRITICAL
,650.0442232985488,C20241216_MEGA,SLICE_SUMMARY,1910,,SLICE_00223,2,ALGO_SLICE,ALGO_001,2293,REC_00000228,383,Buy,2025-08-12T13:31:03,PARTIAL,ASML.AS,CRITICAL
,650.0338524961469,C20241216_MEGA,SLICE_SUMMARY,1638,,SLICE_00224,2,ALGO_SLICE,ALGO_001,2457,REC_00000229,819,Buy,2025-08-12T13:32:24,PARTIAL,ASML.AS,CRITICAL
,650.039393064141,C20241216_MEGA,SLICE_SUMMARY,2344,,SLICE_00225,2,ALGO_SLICE,ALGO_001,3517,REC_00000230,1173,Buy,2025-08-12T13:32:58,PARTIAL,ASML.AS,CRITICAL
,650.0365210744985,C20241216_MEGA,SLICE_SUMMARY,2210,,SLICE_00226,2,ALGO_SLICE,ALGO_001,3316,REC_00000231,1106,Buy,2025-08-12T13:34:14,PARTIAL,ASML.AS,CRITICAL
,650.0316396091832,C20241216_MEGA,SLICE_SUMMARY,3435,,SLICE_00227,2,ALGO_SLICE,ALGO_001,3435,REC_00000232,0,Buy,2025-08-12T13:35:29,FILLED,ASML.AS,CRITICAL
,650.0331916370889,C20241216_MEGA,SLICE_SUMMARY,3156,,SLICE_00228,2,ALGO_SLICE,ALGO_001,3158,REC_00000233,2,Buy,2025-08-12T13:36:06,PARTIAL,ASML.AS,CRITICAL
,650.0289541522155,C20241216_MEGA,SLICE_SUMMARY,3672,,SLICE_00229,2,ALGO_SLICE,ALGO_001,3672,REC_00000234,0,Buy,2025-08-12T13:37:25,FILLED,ASML.AS,CRITICAL
,650.0349375028466,C20241216_MEGA,SLICE_SUMMARY,2754,,SLICE_00230,2,ALGO_SLICE,ALGO_001,2755,REC_00000235,1,Buy,2025-08-12T13:38:32,PARTIAL,ASML.AS,CRITICAL
,650.033729770439,C20241216_MEGA,SLICE_SUMMARY,3294,,SLICE_00231,2,ALGO_SLICE,ALGO_001,3294,REC_00000236,0,Buy,2025-08-12T13:39:37,FILLED,ASML.AS,CRITICAL
,650.0407818219961,C20241216_MEGA,SLICE_SUMMARY,3201,,SLICE_00232,2,ALGO_SLICE,ALGO_001,3202,REC_00000237,1,Buy,2025-08-12T13:41:04,PARTIAL,ASML.AS,CRITICAL
,650.0306741566175,C20241216_MEGA,SLICE_SUMMARY,3225,,SLICE_00233,2,ALGO_SLICE,ALGO_001,3227,REC_00000238,2,Buy,2025-08-12T13:42:53,PARTIAL,ASML.AS,CRITICAL
,650.0412717446286,C20241216_MEGA,SLICE_SUMMARY,2230,,SLICE_00234,2,ALGO_SLICE,ALGO_001,2678,REC_00000239,448,Buy,2025-08-12T13:44:49,PARTIAL,ASML.AS,CRITICAL
,650.0417709031178,C20241216_MEGA,SLICE_SUMMARY,3969,,SLICE_00235,2,ALGO_SLICE,ALGO_001,3970,REC_00000240,1,Buy,2025-08-12T13:46:46,PARTIAL,ASML.AS,CRITICAL
,650.0376810432167,C20241216_MEGA,SLICE_SUMMARY,2892,,SLICE_00236,2,ALGO_SLICE,ALGO_001,2894,REC_00000241,2,Buy,2025-08-12T13:48:31,PARTIAL,ASML.AS,CRITICAL
,650.0322065893278,C20241216_MEGA,SLICE_SUMMARY,1850,,SLICE_00237,2,ALGO_SLICE,ALGO_001,2221,REC_00000242,371,Buy,2025-08-12T13:50:30,PARTIAL,ASML.AS,CRITICAL
,650.0293448708994,C20241216_MEGA,SLICE_SUMMARY,3915,,SLICE_00238,2,ALGO_SLICE,ALGO_001,3917,REC_00000243,2,Buy,2025-08-12T13:51:23,PARTIAL,ASML.AS,CRITICAL
,650.0332837721547,C20241216_MEGA,SLICE_SUMMARY,2407,,SLICE_00239,2,ALGO_SLICE,ALGO_001,2889,REC_00000244,482,Buy,2025-08-12T13:52:03,PARTIAL,ASML.AS,CRITICAL
,650.0392570170413,C20241216_MEGA,SLICE_SUMMARY,2622,,SLICE_00240,2,ALGO_SLICE,ALGO_001,2624,REC_00000245,2,Buy,2025-08-12T13:53:56,PARTIAL,ASML.AS,CRITICAL
,650.0377373835519,C20241216_MEGA,SLICE_SUMMARY,2868,,SLICE_00241,2,ALGO_SLICE,ALGO_001,2870,REC_00000246,2,Buy,2025-08-12T13:54:50,PARTIAL,ASML.AS,CRITICAL
,650.0372270263903,C20241216_MEGA,SLICE_SUMMARY,3160,,SLICE_00242,2,ALGO_SLICE,ALGO_001,3793,REC_00000247,633,Buy,2025-08-12T13:56:33,PARTIAL,ASML.AS,CRITICAL
,650.0343768019079,C20241216_MEGA,SLICE_SUMMARY,3534,,SLICE_00243,2,ALGO_SLICE,ALGO_001,3536,REC_00000248,2,Buy,2025-08-12T13:57:17,PARTIAL,ASML.AS,CRITICAL
,650.0325348490919,C20241216_MEGA,SLICE_SUMMARY,2523,,SLICE_00244,2,ALGO_SLICE,ALGO_001,2524,REC_00000249,1,Buy,2025-08-12T13:58:39,PARTIAL,ASML.AS,CRITICAL
,650.036118850251,C20241216_MEGA,SLICE_SUMMARY,2163,,SLICE_00245,2,ALGO_SLICE,ALGO_001,2163,REC_00000250,0,Buy,2025-08-12T14:00:11,FILLED,ASML.AS,CRITICAL
,650.0289240785085,C20241216_MEGA,SLICE_SUMMARY,2750,,SLICE_00246,2,ALGO_SLICE,ALGO_001,3300,REC_00000251,550,Buy,2025-08-12T14:01:07,PARTIAL,ASML.AS,CRITICAL
,650.0365157712123,C20241216_MEGA,SLICE_SUMMARY,3633,,SLICE_00247,2,ALGO_SLICE,ALGO_001,3633,REC_00000252,0,Buy,2025-08-12T14:03:03,FILLED,ASML.AS,CRITICAL
,650.035899594803,C20241216_MEGA,SLICE_SUMMARY,1288,,SLICE_00248,2,ALGO_SLICE,ALGO_001,2579,REC_00000253,1291,Buy,2025-08-12T14:03:59,PARTIAL,ASML.AS,CRITICAL
,650.0356448024539,C20241216_MEGA,SLICE_SUMMARY,1350,,SLICE_00249,2,ALGO_SLICE,ALGO_001,2700,REC_00000254,1350,Buy,2025-08-12T14:05:48,PARTIAL,ASML.AS,CRITICAL
,650.0369574040301,C20241216_MEGA,SLICE_SUMMARY,2640,,SLICE_00250,2,ALGO_SLICE,ALGO_001,2641,REC_00000255,1,Buy,2025-08-12T14:06:56,PARTIAL,ASML.AS,CRITICAL
,650.0350671103677,C20241216_MEGA,CLIENT_UPDATE,658711,5,CLIENT_001,0,CLIENT,,5000000,REC_00000256,4341289,Buy,2025-08-12T14:06:57,WORKING,ASML.AS,CRITICAL
,650.0411221922344,C20241216_MEGA,SLICE_SUMMARY,3450,,SLICE_00251,2,ALGO_SLICE,ALGO_001,3451,REC_00000257,1,Buy,2025-08-12T14:08:30,PARTIAL,ASML.AS,CRITICAL
,650.0399164714299,C20241216_MEGA,SLICE_SUMMARY,3858,,SLICE_00252,2,ALGO_SLICE,ALGO_001,3859,REC_00000258,1,Buy,2025-08-12T14:10:05,PARTIAL,ASML.AS,CRITICAL
,650.0328288208073,C20241216_MEGA,SLICE_SUMMARY,3048,,SLICE_00253,2,ALGO_SLICE,ALGO_001,3049,REC_00000259,1,Buy,2025-08-12T14:11:18,PARTIAL,ASML.AS,CRITICAL
,650.0380002010103,C20241216_MEGA,SLICE_SUMMARY,2736,,SLICE_00254,2,ALGO_SLICE,ALGO_001,2737,REC_00000260,1,Buy,2025-08-12T14:12:24,PARTIAL,ASML.AS,CRITICAL
,650.0435476223213,C20241216_MEGA,SLICE_SUMMARY,2370,,SLICE_00255,2,ALGO_SLICE,ALGO_001,2372,REC_00000261,2,Buy,2025-08-12T14:13:22,PARTIAL,ASML.AS,CRITICAL
,650.031384530468,C20241216_MEGA,SLICE_SUMMARY,3720,,SLICE_00256,2,ALGO_SLICE,ALGO_001,3720,REC_00000262,0,Buy,2025-08-12T14:14:32,FILLED,ASML.AS,CRITICAL
,650.0413979794464,C20241216_MEGA,SLICE_SUMMARY,1952,,SLICE_00257,2,ALGO_SLICE,ALGO_001,2343,REC_00000263,391,Buy,2025-08-12T14:15:33,PARTIAL,ASML.AS,CRITICAL
,650.031150705299,C20241216_MEGA,SLICE_SUMMARY,3072,,SLICE_00258,2,ALGO_SLICE,ALGO_001,3689,REC_00000264,617,Buy,2025-08-12T14:16:29,PARTIAL,ASML.AS,CRITICAL
,650.0356482238955,C20241216_MEGA,SLICE_SUMMARY,3336,,SLICE_00259,2,ALGO_SLICE,ALGO_001,3336,REC_00000265,0,Buy,2025-08-12T14:17:22,FILLED,ASML.AS,CRITICAL
,650.0469074634401,C20241216_MEGA,SLICE_SUMMARY,2964,,SLICE_00260,2,ALGO_SLICE,ALGO_001,2964,REC_00000266,0,Buy,2025-08-12T14:17:59,FILLED,ASML.AS,CRITICAL
,650.0319118699814,C20241216_MEGA,SLICE_SUMMARY,2031,,SLICE_00261,2,ALGO_SLICE,ALGO_001,2033,REC_00000267,2,Buy,2025-08-12T14:19:05,PARTIAL,ASML.AS,CRITICAL
,650.0290512463116,C20241216_MEGA,SLICE_SUMMARY,1700,,SLICE_00262,2,ALGO_SLICE,ALGO_001,2040,REC_00000268,340,Buy,2025-08-12T14:20:50,PARTIAL,ASML.AS,CRITICAL
,650.0392268160493,C20241216_MEGA,SLICE_SUMMARY,2391,,SLICE_00263,2,ALGO_SLICE,ALGO_001,2391,REC_00000269,0,Buy,2025-08-12T14:21:59,FILLED,ASML.AS,CRITICAL
,650.0445500404749,C20241216_MEGA,SLICE_SUMMARY,2658,,SLICE_00264,2,ALGO_SLICE,ALGO_001,2659,REC_00000270,1,Buy,2025-08-12T14:22:31,PARTIAL,ASML.AS,CRITICAL
,650.0402246106579,C20241216_MEGA,SLICE_SUMMARY,2147,,SLICE_00265,2,ALGO_SLICE,ALGO_001,2578,REC_00000271,431,Buy,2025-08-12T14:24:23,PARTIAL,ASML.AS,CRITICAL
,650.0350269125869,C20241216_MEGA,SLICE_SUMMARY,3051,,SLICE_00266,2,ALGO_SLICE,ALGO_001,3052,REC_00000272,1,Buy,2025-08-12T14:25:46,PARTIAL,ASML.AS,CRITICAL
,650.0346478227349,C20241216_MEGA,SLICE_SUMMARY,3039,,SLICE_00267,2,ALGO_SLICE,ALGO_001,3039,REC_00000273,0,Buy,2025-08-12T14:27:07,FILLED,ASML.AS,CRITICAL
,650.0361210541639,C20241216_MEGA,SLICE_SUMMARY,2157,,SLICE_00268,2,ALGO_SLICE,ALGO_001,2158,REC_00000274,1,Buy,2025-08-12T14:28:02,PARTIAL,ASML.AS,CRITICAL
,650.0448105265839,C20241216_MEGA,SLICE_SUMMARY,3972,,SLICE_00269,2,ALGO_SLICE,ALGO_001,3972,REC_00000275,0,Buy,2025-08-12T14:29:49,FILLED,ASML.AS,CRITICAL
,650.0451650592236,C20241216_MEGA,SLICE_SUMMARY,2066,,SLICE_00270,2,ALGO_SLICE,ALGO_001,3101,REC_00000276,1035,Buy,2025-08-12T14:30:31,PARTIAL,ASML.AS,CRITICAL
,650.0252616824398,C20241216_MEGA,SLICE_SUMMARY,3303,,SLICE_00271,2,ALGO_SLICE,ALGO_001,3303,REC_00000277,0,Buy,2025-08-12T14:32:08,FILLED,ASML.AS,CRITICAL
,650.0317095987874,C20241216_MEGA,SLICE_SUMMARY,3516,,SLICE_00272,2,ALGO_SLICE,ALGO_001,3518,REC_00000278,2,Buy,2025-08-12T14:33:32,PARTIAL,ASML.AS,CRITICAL
,650.0333758590134,C20241216_MEGA,SLICE_SUMMARY,2031,,SLICE_00273,2,ALGO_SLICE,ALGO_001,2031,REC_00000279,0,Buy,2025-08-12T14:34:17,FILLED,ASML.AS,CRITICAL
,650.036805717697,C20241216_MEGA,SLICE_SUMMARY,2187,,SLICE_00274,2,ALGO_SLICE,ALGO_001,2627,REC_00000280,440,Buy,2025-08-12T14:34:47,PARTIAL,ASML.AS,CRITICAL
,650.0357861804512,C20241216_MEGA,SLICE_SUMMARY,2310,,SLICE_00275,2,ALGO_SLICE,ALGO_001,2312,REC_00000281,2,Buy,2025-08-12T14:35:57,PARTIAL,ASML.AS,CRITICAL
,650.0336407898764,C20241216_MEGA,SLICE_SUMMARY,1316,,SLICE_00276,2,ALGO_SLICE,ALGO_001,3950,REC_00000282,2634,Buy,2025-08-12T14:37:06,PARTIAL,ASML.AS,CRITICAL
,650.0318351939505,C20241216_MEGA,SLICE_SUMMARY,1956,,SLICE_00277,2,ALGO_SLICE,ALGO_001,2936,REC_00000283,980,Buy,2025-08-12T14:37:41,PARTIAL,ASML.AS,CRITICAL
,650.0430332790103,C20241216_MEGA,SLICE_SUMMARY,3972,,SLICE_00278,2,ALGO_SLICE,ALGO_001,3974,REC_00000284,2,Buy,2025-08-12T14:38:19,PARTIAL,ASML.AS,CRITICAL
,650.0333805702636,C20241216_MEGA,SLICE_SUMMARY,2550,,SLICE_00279,2,ALGO_SLICE,ALGO_001,3061,REC_00000285,511,Buy,2025-08-12T14:38:59,PARTIAL,ASML.AS,CRITICAL
,650.03755446491,C20241216_MEGA,SLICE_SUMMARY,2595,,SLICE_00280,2,ALGO_SLICE,ALGO_001,2595,REC_00000286,0,Buy,2025-08-12T14:39:32,FILLED,ASML.AS,CRITICAL
,650.0456470053742,C20241216_MEGA,SLICE_SUMMARY,1449,,SLICE_00281,2,ALGO_SLICE,ALGO_001,2900,REC_00000287,1451,Buy,2025-08-12T14:40:17,PARTIAL,ASML.AS,CRITICAL
,650.0369394833946,C20241216_MEGA,SLICE_SUMMARY,2420,,SLICE_00282,2,ALGO_SLICE,ALGO_001,2904,REC_00000288,484,Buy,2025-08-12T14:41:17,PARTIAL,ASML.AS,CRITICAL
,650.0278015270978,C20241216_MEGA,SLICE_SUMMARY,2727,,SLICE_00283,2,ALGO_SLICE,ALGO_001,2729,REC_00000289,2,Buy,2025-08-12T14:43:04,PARTIAL,ASML.AS,CRITICAL
,650.0343335775484,C20241216_MEGA,SLICE_SUMMARY,3537,,SLICE_00284,2,ALGO_SLICE,ALGO_001,3537,REC_00000290,0,Buy,2025-08-12T14:44:53,FILLED,ASML.AS,CRITICAL
,650.0296166496826,C20241216_MEGA,SLICE_SUMMARY,2973,,SLICE_00285,2,ALGO_SLICE,ALGO_001,2973,REC_00000291,0,Buy,2025-08-12T14:46:52,FILLED,ASML.AS,CRITICAL
,650.045828046529,C20241216_MEGA,SLICE_SUMMARY,2496,,SLICE_00286,2,ALGO_SLICE,ALGO_001,3744,REC_00000292,1248,Buy,2025-08-12T14:48:14,PARTIAL,ASML.AS,CRITICAL
,650.0372180820904,C20241216_MEGA,SLICE_SUMMARY,2919,,SLICE_00287,2,ALGO_SLICE,ALGO_001,2921,REC_00000293,2,Buy,2025-08-12T14:50:10,PARTIAL,ASML.AS,CRITICAL
,650.0343430540806,C20241216_MEGA,SLICE_SUMMARY,2012,,SLICE_00288,2,ALGO_SLICE,ALGO_001,2415,REC_00000294,403,Buy,2025-08-12T14:52:07,PARTIAL,ASML.AS,CRITICAL
,650.0360523206278,C20241216_MEGA,SLICE_SUMMARY,3138,,SLICE_00289,2,ALGO_SLICE,ALGO_001,3140,REC_00000295,2,Buy,2025-08-12T14:52:37,PARTIAL,ASML.AS,CRITICAL
,650.0267652812457,C20241216_MEGA,SLICE_SUMMARY,2087,,SLICE_00290,2,ALGO_SLICE,ALGO_001,2507,REC_00000296,420,Buy,2025-08-12T14:53:32,PARTIAL,ASML.AS,CRITICAL
,650.0282414931132,C20241216_MEGA,SLICE_SUMMARY,3312,,SLICE_00291,2,ALGO_SLICE,ALGO_001,3977,REC_00000297,665,Buy,2025-08-12T14:54:59,PARTIAL,ASML.AS,CRITICAL
,650.0374027789153,C20241216_MEGA,SLICE_SUMMARY,2409,,SLICE_00292,2,ALGO_SLICE,ALGO_001,2409,REC_00000298,0,Buy,2025-08-12T14:56:56,FILLED,ASML.AS,CRITICAL
,650.0427717239338,C20241216_MEGA,SLICE_SUMMARY,1119,,SLICE_00293,2,ALGO_SLICE,ALGO_001,2240,REC_00000299,1121,Buy,2025-08-12T14:58:32,PARTIAL,ASML.AS,CRITICAL
,650.0385130876401,C20241216_MEGA,SLICE_SUMMARY,3294,,SLICE_00294,2,ALGO_SLICE,ALGO_001,3294,REC_00000300,0,Buy,2025-08-12T14:59:06,FILLED,ASML.AS,CRITICAL
,650.0350395629263,C20241216_MEGA,SLICE_SUMMARY,2109,,SLICE_00295,2,ALGO_SLICE,ALGO_001,2110,REC_00000301,1,Buy,2025-08-12T15:00:04,PARTIAL,ASML.AS,CRITICAL
,650.0366598817487,C20241216_MEGA,SLICE_SUMMARY,3786,,SLICE_00296,2,ALGO_SLICE,ALGO_001,3788,REC_00000302,2,Buy,2025-08-12T15:01:26,PARTIAL,ASML.AS,CRITICAL
,650.037579293687,C20241216_MEGA,SLICE_SUMMARY,2691,,SLICE_00297,2,ALGO_SLICE,ALGO_001,2691,REC_00000303,0,Buy,2025-08-12T15:03:24,FILLED,ASML.AS,CRITICAL
,650.0376871523579,C20241216_MEGA,SLICE_SUMMARY,3069,,SLICE_00298,2,ALGO_SLICE,ALGO_001,3069,REC_00000304,0,Buy,2025-08-12T15:05:00,FILLED,ASML.AS,CRITICAL
,650.0399285746313,C20241216_MEGA,SLICE_SUMMARY,2307,,SLICE_00299,2,ALGO_SLICE,ALGO_001,2309,REC_00000305,2,Buy,2025-08-12T15:05:37,PARTIAL,ASML.AS,CRITICAL
,650.0316109478401,C20241216_MEGA,SLICE_SUMMARY,2067,,SLICE_00300,2,ALGO_SLICE,ALGO_001,2067,REC_00000306,0,Buy,2025-08-12T15:07:27,FILLED,ASML.AS,CRITICAL
,650.03530011179,C20241216_MEGA,CLIENT_UPDATE,792086,6,CLIENT_001,0,CLIENT,,5000000,REC_00000307,4207914,Buy,2025-08-12T15:07:28,WORKING,ASML.AS,CRITICAL
,650.0329780835938,C20241216_MEGA,SLICE_SUMMARY,2277,,SLICE_00301,2,ALGO_SLICE,ALGO_001,2278,REC_00000308,1,Buy,2025-08-12T15:08:03,PARTIAL,ASML.AS,CRITICAL
,650.0376398495503,C20241216_MEGA,SLICE_SUMMARY,2553,,SLICE_00302,2,ALGO_SLICE,ALGO_001,2555,REC_00000309,2,Buy,2025-08-12T15:09:42,PARTIAL,ASML.AS,CRITICAL
,650.036787327846,C20241216_MEGA,SLICE_SUMMARY,3963,,SLICE_00303,2,ALGO_SLICE,ALGO_001,3965,REC_00000310,2,Buy,2025-08-12T15:10:34,PARTIAL,ASML.AS,CRITICAL
,650.0404139318542,C20241216_MEGA,SLICE_SUMMARY,3220,,SLICE_00304,2,ALGO_SLICE,ALGO_001,3864,REC_00000311,644,Buy,2025-08-12T15:11:21,PARTIAL,ASML.AS,CRITICAL
,650.0304591313397,C20241216_MEGA,SLICE_SUMMARY,3753,,SLICE_00305,2,ALGO_SLICE,ALGO_001,3755,REC_00000312,2,Buy,2025-08-12T15:12:28,PARTIAL,ASML.AS,CRITICAL
,650.030863020602,C20241216_MEGA,SLICE_SUMMARY,1025,,SLICE_00306,2,ALGO_SLICE,ALGO_001,3077,REC_00000313,2052,Buy,2025-08-12T15:14:15,PARTIAL,ASML.AS,CRITICAL
,650.037671161293,C20241216_MEGA,SLICE_SUMMARY,3582,,SLICE_00307,2,ALGO_SLICE,ALGO_001,3583,REC_00000314,1,Buy,2025-08-12T15:15:53,PARTIAL,ASML.AS,CRITICAL
,650.0381664063756,C20241216_MEGA,SLICE_SUMMARY,2883,,SLICE_00308,2,ALGO_SLICE,ALGO_001,2885,REC_00000315,2,Buy,2025-08-12T15:16:33,PARTIAL,ASML.AS,CRITICAL
,650.0269104341838,C20241216_MEGA,SLICE_SUMMARY,1977,,SLICE_00309,2,ALGO_SLICE,ALGO_001,3956,REC_00000316,1979,Buy,2025-08-12T15:17:55,PARTIAL,ASML.AS,CRITICAL
,650.0374000789967,C20241216_MEGA,SLICE_SUMMARY,2997,,SLICE_00310,2,ALGO_SLICE,ALGO_001,2997,REC_00000317,0,Buy,2025-08-12T15:18:42,FILLED,ASML.AS,CRITICAL
,650.0281486689414,C20241216_MEGA,SLICE_SUMMARY,1408,,SLICE_00311,2,ALGO_SLICE,ALGO_001,2818,REC_00000318,1410,Buy,2025-08-12T15:19:23,PARTIAL,ASML.AS,CRITICAL
,650.0348198675634,C20241216_MEGA,SLICE_SUMMARY,846,,SLICE_00312,2,ALGO_SLICE,ALGO_001,2538,REC_00000319,1692,Buy,2025-08-12T15:20:26,PARTIAL,ASML.AS,CRITICAL
,650.0384117083771,C20241216_MEGA,SLICE_SUMMARY,1702,,SLICE_00313,2,ALGO_SLICE,ALGO_001,2555,REC_00000320,853,Buy,2025-08-12T15:20:59,PARTIAL,ASML.AS,CRITICAL
,650.0428165452967,C20241216_MEGA,SLICE_SUMMARY,3954,,SLICE_00314,2,ALGO_SLICE,ALGO_001,3955,REC_00000321,1,Buy,2025-08-12T15:22:30,PARTIAL,ASML.AS,CRITICAL
,650.0237193022413,C20241216_MEGA,SLICE_SUMMARY,2625,,SLICE_00315,2,ALGO_SLICE,ALGO_001,2626,REC_00000322,1,Buy,2025-08-12T15:24:07,PARTIAL,ASML.AS,CRITICAL
,650.0349021109713,C20241216_MEGA,SLICE_SUMMARY,3300,,SLICE_00316,2,ALGO_SLICE,ALGO_001,3300,REC_00000323,0,Buy,2025-08-12T15:25:05,FILLED,ASML.AS,CRITICAL
,650.0381751309063,C20241216_MEGA,SLICE_SUMMARY,2736,,SLICE_00317,2,ALGO_SLICE,ALGO_001,2737,REC_00000324,1,Buy,2025-08-12T15:25:47,PARTIAL,ASML.AS,CRITICAL
,650.0307701954862,C20241216_MEGA,SLICE_SUMMARY,3639,,SLICE_00318,2,ALGO_SLICE,ALGO_001,3639,REC_00000325,0,Buy,2025-08-12T15:26:37,FILLED,ASML.AS,CRITICAL
,650.0454707157944,C20241216_MEGA,SLICE_SUMMARY,3282,,SLICE_00319,2,ALGO_SLICE,ALGO_001,3284,REC_00000326,2,Buy,2025-08-12T15:28:24,PARTIAL,ASML.AS,CRITICAL
,650.0240268032603,C20241216_MEGA,SLICE_SUMMARY,1765,,SLICE_00320,2,ALGO_SLICE,ALGO_001,2119,REC_00000327,354,Buy,2025-08-12T15:30:10,PARTIAL,ASML.AS,CRITICAL
,650.0346412701567,C20241216_MEGA,SLICE_SUMMARY,1299,,SLICE_00321,2,ALGO_SLICE,ALGO_001,2599,REC_00000328,1300,Buy,2025-08-12T15:31:14,PARTIAL,ASML.AS,CRITICAL
,650.039747446412,C20241216_MEGA,SLICE_SUMMARY,2523,,SLICE_00322,2,ALGO_SLICE,ALGO_001,2525,REC_00000329,2,Buy,2025-08-12T15:31:50,PARTIAL,ASML.AS,CRITICAL
,650.0425223354398,C20241216_MEGA,SLICE_SUMMARY,3843,,SLICE_00323,2,ALGO_SLICE,ALGO_001,3844,REC_00000330,1,Buy,2025-08-12T15:32:23,PARTIAL,ASML.AS,CRITICAL
,650.0307704396693,C20241216_MEGA,SLICE_SUMMARY,2979,,SLICE_00324,2,ALGO_SLICE,ALGO_001,2979,REC_00000331,0,Buy,2025-08-12T15:33:31,FILLED,ASML.AS,CRITICAL
,650.0241655255597,C20241216_MEGA,SLICE_SUMMARY,1856,,SLICE_00325,2,ALGO_SLICE,ALGO_001,2785,REC_00000332,929,Buy,2025-08-12T15:34:32,PARTIAL,ASML.AS,CRITICAL
,650.0467588990798,C20241216_MEGA,SLICE_SUMMARY,2467,,SLICE_00326,2,ALGO_SLICE,ALGO_001,2961,REC_00000333,494,Buy,2025-08-12T15:35:34,PARTIAL,ASML.AS,CRITICAL
,650.0327949215398,C20241216_MEGA,SLICE_SUMMARY,2146,,SLICE_00327,2,ALGO_SLICE,ALGO_001,3219,REC_00000334,1073,Buy,2025-08-12T15:36:46,PARTIAL,ASML.AS,CRITICAL
,650.0436030893268,C20241216_MEGA,SLICE_SUMMARY,2865,,SLICE_00328,2,ALGO_SLICE,ALGO_001,3439,REC_00000335,574,Buy,2025-08-12T15:37:22,PARTIAL,ASML.AS,CRITICAL
,650.0317813893956,C20241216_MEGA,SLICE_SUMMARY,2721,,SLICE_00329,2,ALGO_SLICE,ALGO_001,2722,REC_00000336,1,Buy,2025-08-12T15:39:17,PARTIAL,ASML.AS,CRITICAL
,650.0338561043372,C20241216_MEGA,SLICE_SUMMARY,2046,,SLICE_00330,2,ALGO_SLICE,ALGO_001,2047,REC_00000337,1,Buy,2025-08-12T15:41:14,PARTIAL,ASML.AS,CRITICAL
,650.0332783412149,C20241216_MEGA,SLICE_SUMMARY,2595,,SLICE_00331,2,ALGO_SLICE,ALGO_001,3114,REC_00000338,519,Buy,2025-08-12T15:43:13,PARTIAL,ASML.AS,CRITICAL
,650.0429862474731,C20241216_MEGA,SLICE_SUMMARY,2581,,SLICE_00332,2,ALGO_SLICE,ALGO_001,3874,REC_00000339,1293,Buy,2025-08-12T15:44:09,PARTIAL,ASML.AS,CRITICAL
,650.0366327229787,C20241216_MEGA,SLICE_SUMMARY,3285,,SLICE_00333,2,ALGO_SLICE,ALGO_001,3944,REC_00000340,659,Buy,2025-08-12T15:45:28,PARTIAL,ASML.AS,CRITICAL
,650.041492345007,C20241216_MEGA,SLICE_SUMMARY,3324,,SLICE_00334,2,ALGO_SLICE,ALGO_001,3326,REC_00000341,2,Buy,2025-08-12T15:46:10,PARTIAL,ASML.AS,CRITICAL
,650.0255734879781,C20241216_MEGA,SLICE_SUMMARY,2124,,SLICE_00335,2,ALGO_SLICE,ALGO_001,3187,REC_00000342,1063,Buy,2025-08-12T15:47:49,PARTIAL,ASML.AS,CRITICAL
,650.0321904312705,C20241216_MEGA,SLICE_SUMMARY,3339,,SLICE_00336,2,ALGO_SLICE,ALGO_001,3341,REC_00000343,2,Buy,2025-08-12T15:49:16,PARTIAL,ASML.AS,CRITICAL
,650.0334803056717,C20241216_MEGA,SLICE_SUMMARY,3057,,SLICE_00337,2,ALGO_SLICE,ALGO_001,3059,REC_00000344,2,Buy,2025-08-12T15:51:05,PARTIAL,ASML.AS,CRITICAL
,650.0384772786945,C20241216_MEGA,SLICE_SUMMARY,3786,,SLICE_00338,2,ALGO_SLICE,ALGO_001,3788,REC_00000345,2,Buy,2025-08-12T15:51:58,PARTIAL,ASML.AS,CRITICAL
,650.0312082720347,C20241216_MEGA,SLICE_SUMMARY,2574,,SLICE_00339,2,ALGO_SLICE,ALGO_001,3861,REC_00000346,1287,Buy,2025-08-12T15:53:43,PARTIAL,ASML.AS,CRITICAL
,650.034971114567,C20241216_MEGA,SLICE_SUMMARY,2787,,SLICE_00340,2,ALGO_SLICE,ALGO_001,2789,REC_00000347,2,Buy,2025-08-12T15:55:20,PARTIAL,ASML.AS,CRITICAL
,650.0303309204834,C20241216_MEGA,SLICE_SUMMARY,2045,,SLICE_00341,2,ALGO_SLICE,ALGO_001,2455,REC_00000348,410,Buy,2025-08-12T15:56:21,PARTIAL,ASML.AS,CRITICAL
,650.0249626495474,C20241216_MEGA,SLICE_SUMMARY,2163,,SLICE_00342,2,ALGO_SLICE,ALGO_001,2163,REC_00000349,0,Buy,2025-08-12T15:57:35,FILLED,ASML.AS,CRITICAL
,650.0407641180741,C20241216_MEGA,SLICE_SUMMARY,2952,,SLICE_00343,2,ALGO_SLICE,ALGO_001,2952,REC_00000350,0,Buy,2025-08-12T15:58:24,FILLED,ASML.AS,CRITICAL
,650.0375603850332,C20241216_MEGA,SLICE_SUMMARY,1184,,SLICE_00344,2,ALGO_SLICE,ALGO_001,3557,REC_00000351,2373,Buy,2025-08-12T16:00:04,PARTIAL,ASML.AS,CRITICAL
,650.0418488790419,C20241216_MEGA,SLICE_SUMMARY,2013,,SLICE_00345,2,ALGO_SLICE,ALGO_001,2013,REC_00000352,0,Buy,2025-08-12T16:00:44,FILLED,ASML.AS,CRITICAL
,650.0310082197022,C20241216_MEGA,SLICE_SUMMARY,3315,,SLICE_00346,2,ALGO_SLICE,ALGO_001,3315,REC_00000353,0,Buy,2025-08-12T16:01:17,FILLED,ASML.AS,CRITICAL
,650.0343674525726,C20241216_MEGA,SLICE_SUMMARY,2616,,SLICE_00347,2,ALGO_SLICE,ALGO_001,2616,REC_00000354,0,Buy,2025-08-12T16:02:14,FILLED,ASML.AS,CRITICAL
,650.0436264324487,C20241216_MEGA,SLICE_SUMMARY,2598,,SLICE_00348,2,ALGO_SLICE,ALGO_001,2598,REC_00000355,0,Buy,2025-08-12T16:04:02,FILLED,ASML.AS,CRITICAL
,650.038430836205,C20241216_MEGA,SLICE_SUMMARY,2250,,SLICE_00349,2,ALGO_SLICE,ALGO_001,2250,REC_00000356,0,Buy,2025-08-12T16:05:55,FILLED,ASML.AS,CRITICAL
,650.0269006921116,C20241216_MEGA,SLICE_SUMMARY,2597,,SLICE_00350,2,ALGO_SLICE,ALGO_001,3118,REC_00000357,521,Buy,2025-08-12T16:06:38,PARTIAL,ASML.AS,CRITICAL
,650.0353388611518,C20241216_MEGA,CLIENT_UPDATE,923503,7,CLIENT_001,0,CLIENT,,5000000,REC_00000358,4076497,Buy,2025-08-12T16:06:39,WORKING,ASML.AS,CRITICAL
